Title,Category,star rating,Description,UPC,Product Type,Price (excl. tax),Price (incl. tax),Tax,Availability,Number of reviews,image url
Chase Me (Paris Nights #2),Romance,5,"A Michelin two-star chef at twenty-eight, Violette Lenoir could handle anything, including a cocky burglar who broke into her restaurant in the middle of the night.Or so she thought.Elite counterterrorist operative Chase âSmithâ had been through things that made Hell Week look easy. But nothing had prepared him for a leather-clad blonde who held him at bay at knifepoint an A Michelin two-star chef at twenty-eight, Violette Lenoir could handle anything, including a cocky burglar who broke into her restaurant in the middle of the night.Or so she thought.Elite counterterrorist operative Chase âSmithâ had been through things that made Hell Week look easy. But nothing had prepared him for a leather-clad blonde who held him at bay at knifepoint and dared him to take her on.Now if only saving the world didnât require he ruin her life.Two people who thought they could handle anything now have to take on each other. It's a battle neither one expected. But with their futures on the line, they have nothing to lose...but their hearts.Warning: This book contains one arrogant Navy SEAL, nights of Paris passion, and a woman who wants to have it all. ...more",c2e46a2ee3b4a322,Books,25.27,25.27,0.00,19,0,https://books.toscrape.com/media/cache/6c/84/6c84fcf7a53b02b6e763de7272934842.jpg
Black Dust,Romance,5,"No matter how busy he keeps himself, successful Broadway musician Tobias Spence canât outrun the memory of a tragic car crash from his past that claimed a friendâs life and permanently injured his former boyfriend, Emmett.Even after losing Tobias, Emmett Henderson made peace with that awful night, living in his Indiana hometown where he has become a revered choral director No matter how busy he keeps himself, successful Broadway musician Tobias Spence canât outrun the memory of a tragic car crash from his past that claimed a friendâs life and permanently injured his former boyfriend, Emmett.Even after losing Tobias, Emmett Henderson made peace with that awful night, living in his Indiana hometown where he has become a revered choral director. When his students are asked to perform in New York City, he decides to chance reconnecting with his former love, if for no other reason than to get a proper goodbye.When Emmett and Tobias finally meet 15 years after parting ways, it is clear to both of them that their feelings for each other have not changed. As they explore their renewed relationship, the two men face old hurts and the new challenges of a long-distance romance. Will Tobias lose his second chance at love to the ghosts he canât seem to put to rest? ...more",00bfed9e18bb36f3,Books,34.53,34.53,0.00,19,0,https://books.toscrape.com/media/cache/a4/0a/a40af95beab828af1a4757ad1ee17da3.jpg
Her Backup Boyfriend (The Sorensen Family #1),Romance,1,"One little white lie leads to more than she plannedâ¦Straight-laced lawyer Kate Matthews always plays by the rules. But when her ex gets engaged and a big promotion is on the line at work, she blurts out that she has a new boyfriend. And now that sheâs proved she âhas a lifeâ outside of work, everything is perfect. Except for one teeny little detailâthere is no boyfriend. A One little white lie leads to more than she plannedâ¦Straight-laced lawyer Kate Matthews always plays by the rules. But when her ex gets engaged and a big promotion is on the line at work, she blurts out that she has a new boyfriend. And now that sheâs proved she âhas a lifeâ outside of work, everything is perfect. Except for one teeny little detailâthere is no boyfriend. And now Kateâs liable for her little white lieâ¦Dominic Sorensen is hot, charming, and very definitely not Kateâs type. But not only does Dominic want to help Kate renovate her home, heâs also willing to play âboyfriend.â All he wants in return is a little pro bono work for his sister. Now instead of Mr. Right, Kate has a delectable Mr. Fix-It-Rightâand some unbelievable sexual chemistry. And if falling for Dominic is a breach of contract, Kate is guilty as chargedâ¦ ...more",2a97cffe61c3c4c7,Books,33.97,33.97,0.00,16,0,https://books.toscrape.com/media/cache/41/ee/41ee38c1d15f0139a3fb17b730dc4347.jpg
First and First (Five Boroughs #3),Romance,4,"Caleb Stone was raised on the Upper East Side, where wealth and lineage reigns, and âalternative lifestylesâ are hidden. It took him years to come out to his family, but heâs still stuck in the stranglehold of their expectations. Caleb knows he has to build his confidence and shake things up, but he doesnât know howâ¦ until Oliver Buckley enters the picture.Oli is everythin Caleb Stone was raised on the Upper East Side, where wealth and lineage reigns, and âalternative lifestylesâ are hidden. It took him years to come out to his family, but heâs still stuck in the stranglehold of their expectations. Caleb knows he has to build his confidence and shake things up, but he doesnât know howâ¦ until Oliver Buckley enters the picture.Oli is everything Caleb isnâtârisk-taking, provocative, and fiercely independent. Disowned by his family, Oli has made his own way in the world and is beholden to no one. After a chance encounter on New Yearâs Eve, Caleb is smitten.As Caleb sheds the insecurities that have held him back for years, he makes bold steps toward changing his career and escaping years of sexual repression. But for Caleb to take full control of his life, he has to be brave enough to confront his feelings and trust Oli with his heart. ...more",9e28048cea8d41f7,Books,15.97,15.97,0.00,16,0,https://books.toscrape.com/media/cache/01/a5/01a5285b17e7ec0e7e56294a8f8af28d.jpg
Fifty Shades Darker (Fifty Shades #2),Romance,1,"Daunted by the singular sexual tastes and dark secrets of the beautiful, tormented young entrepreneur Christian Grey, Anastasia Steele has broken off their relationship to start a new career with a Seattle publishing house.But desire for Christian still dominates her every waking thought, and when he proposes a new arrangement, Anastasia cannot resist. They rekindle their Daunted by the singular sexual tastes and dark secrets of the beautiful, tormented young entrepreneur Christian Grey, Anastasia Steele has broken off their relationship to start a new career with a Seattle publishing house.But desire for Christian still dominates her every waking thought, and when he proposes a new arrangement, Anastasia cannot resist. They rekindle their searing sensual affair, and Anastasia learns more about the harrowing past of her damaged, driven, and demanding Fifty Shades.While Christian wrestles with his inner demons, Anastasia must confront her anger and envy of the women who came before her and make the most important decision of her life.Erotic, sparkling and suspenseful, Fifty Shades Darker is the irresistibly addictive second part of the Fifty Shades trilogy.Learn more about E. L. James at thewriterscoffeeshop.com/ejames and on Twitter @E_L_JamesNeed the first Fifty Shades? Search Fifty Shades of Grey ...more",7add3f8e49ec0826,Books,21.96,21.96,0.00,16,0,https://books.toscrape.com/media/cache/51/86/51862681bebec59be61f36f937c71fce.jpg
The Wedding Dress,Romance,1,"Four brides. One Dress.A tale of faith, redemption, and timeless love.Charlotte owns a chic Birmingham bridal boutique. Dressing brides for their big day is her gift . . . and her passion. But with her own wedding day approaching, why can't she find the perfect dress...or feel certain she should marry Tim?Then Charlotte discovers a vintage dress in a battered trunk at an e Four brides. One Dress.A tale of faith, redemption, and timeless love.Charlotte owns a chic Birmingham bridal boutique. Dressing brides for their big day is her gift . . . and her passion. But with her own wedding day approaching, why can't she find the perfect dress...or feel certain she should marry Tim?Then Charlotte discovers a vintage dress in a battered trunk at an estate sale. It looks brand-new-shimmering with pearls and satin, hand-stitched and timeless in its design. But where did it come from? Who wore it? Who welded the lock shut and tucked the dog tags in that little sachet? Who left it in the basement for a ten-year-old girl? And what about the mysterious man in the purple vest who insists the dress had been ""redeemed.""Charlotte's search for the gown's history-and its new bride-begins as a distraction from her sputtering love life. But it takes on a life of its own as she comes to know the women who have worn the dress. Emily from 1912. Mary Grace from 1939. Hillary from 1968. Each with her own story of promise, pain, and destiny. And each with something unique to share. For woven within the threads of the beautiful hundred-year-old gown is the truth about Charlotte's heritage, the power of courage and faith, and the timeless beauty of finding true love. ...more",623e1a180426039b,Books,24.12,24.12,0.00,15,0,https://books.toscrape.com/media/cache/29/3b/293bd9cd6fe1f8c82d1688aefe6cc5f7.jpg
Suddenly in Love (Lake Haven #1),Romance,2,"Mia Lassiter is thrilled to finally put her artistic skills to use working for her auntâs interior design shop in her hometown of East Beach. While renovating an old mansion overlooking stunning Lake Haven, she encounters a scruffy but attractive man named Brennanâthe ownerâs son. She doesnât realize this sexy recluse is actually Everett Alden, the world-famous rock star i Mia Lassiter is thrilled to finally put her artistic skills to use working for her auntâs interior design shop in her hometown of East Beach. While renovating an old mansion overlooking stunning Lake Haven, she encounters a scruffy but attractive man named Brennanâthe ownerâs son. She doesnât realize this sexy recluse is actually Everett Alden, the world-famous rock star in hiding whoâs nursing his own artistic and personal crises.As their personalities clash, tension simmers between the struggling artist and jaded musician, and their time spent alone together in the gorgeous old house only serves to turn up the heat. Soon, Mia and Brennanâs creative passions boil over to inspire passions of another kindâ¦But reality comes crashing in when Miaâs celeb-obsessed cousin discovers Brennanâs true identityâand reveals it to the world. As paparazzi swarm the mansion, Brennan is thrust back into his rock star lifestyle. Will Mia lose her soul mate just when sheâs finally found him? Can their love survive the glaring spotlight? ...more",203b7f94b7d6115f,Books,55.99,55.99,0.00,15,0,https://books.toscrape.com/media/cache/58/bb/58bb81b052b6ad90adcd57e95da99a50.jpg
Something More Than This,Romance,4,"Katy Lewis has it all: a sports reporting job she loves, a great roommate, and two brothers who, while nosy, always have her back. But when Conner Roberts, Katyâs unrequited first crush, suddenly shows upâand shows interestâafter nine years, she reverts to a sweaty, panicked sixteen-year-old once more.And if trying to read Connerâs signals isnât tough enough, Katyâs heart Katy Lewis has it all: a sports reporting job she loves, a great roommate, and two brothers who, while nosy, always have her back. But when Conner Roberts, Katyâs unrequited first crush, suddenly shows upâand shows interestâafter nine years, she reverts to a sweaty, panicked sixteen-year-old once more.And if trying to read Connerâs signals isnât tough enough, Katyâs heart is sending some mixed messages of its own. When a beautiful blonde coworker starts pursuing Katyâs boss, Dylan Sterlingâher longtime mentor and friendâshe realizes she may have a problem with that. A reunion with Conner is what sheâs dreamed of for so longâ¦so why canât she stop thinking about Dylan?For the first time ever, Katy must fact-check her heart. Should she go after the guy she thought she always wanted or see if thereâs something more with the one whoâs been there all along? ...more",ca71e72655bece85,Books,16.24,16.24,0.00,15,0,https://books.toscrape.com/media/cache/b8/f9/b8f9e0169c3811f9ed145c3824208de6.jpg
Doing It Over (Most Likely To #1),Romance,3,"Voted Most Likely to Succeed, Melanie Bartlett ended up anything but. The down-on-her-luck single mom wants a complete do-overâis that too much to ask? With her family long gone from River Bend, strong, independent Mel is as surprised as anyone to end up in the quaint small town she once called home. But with her friends, Jo and Zoe, by her side, and a comfortable room at Voted Most Likely to Succeed, Melanie Bartlett ended up anything but. The down-on-her-luck single mom wants a complete do-overâis that too much to ask? With her family long gone from River Bend, strong, independent Mel is as surprised as anyone to end up in the quaint small town she once called home. But with her friends, Jo and Zoe, by her side, and a comfortable room at Miss Ginaâs quirky bed-and-breakfast, she just might have turned the corner on a new life.Wyatt Gibson never liked the big city. River Bend suits the ruggedly handsome builder just fine. Wyatt knows heâs home, even if that means being charmed by the appearance of Melanie and her spunky, adorable daughter. Is Wyattâs calm devotionâeven amid a coming stormâenough to convince Mel she may have found a home to call her own, a family that never leaves, and a true love to last a lifetime? ...more",3a11bb962ff45b78,Books,35.61,35.61,0.00,15,0,https://books.toscrape.com/media/cache/4b/91/4b91460323973e9e140626d00474d74c.jpg
The Wedding Pact (The O'Malleys #2),Romance,3,"New York Times and USA Today bestselling author Katee Robert continues her smoking-hot series about the O'Malleysâwealthy, powerful, and full of scandalous family secrets. Carrigan O'Malley has always known her arranged marriage would be more about power and prestige than passion. But after one taste of the hard-bodied, whiskey-voiced James Halloran, she's ruined for anyo New York Times and USA Today bestselling author Katee Robert continues her smoking-hot series about the O'Malleysâwealthy, powerful, and full of scandalous family secrets. Carrigan O'Malley has always known her arranged marriage would be more about power and prestige than passion. But after one taste of the hard-bodied, whiskey-voiced James Halloran, she's ruined for anyone else. Too bad James and his family are enemy number 1. Hallorans vs. O'Malleysâthat's how it's always been. James should be thinking more about how to expand his family's empire instead of how silky Carrigan's skin is against his and how he can next get her into his bed. Those are dangerous thoughts. But not nearly as dangerous as he'll be if he can't get what he wants: Carrigan by his side for the rest of their lives. ...more",c5cb9f885d8b3621,Books,32.61,32.61,0.00,14,0,https://books.toscrape.com/media/cache/21/53/21539e305aa09ec40b36daa43db3f2fe.jpg
Hold Your Breath (Search and Rescue #1),Romance,1,"In the remote Rocky Mountains, lives depend on the Search & Rescue brotherhood. But in a place this far off the map, trust is hard to come by and secrets can be murder...As the captain of Field County's ice rescue dive team, Callum Cook is driven to perfection. But when he meets new diver Louise ""Lou"" Sparks, all that hard-won order is obliterated in an instant. Lou is In the remote Rocky Mountains, lives depend on the Search & Rescue brotherhood. But in a place this far off the map, trust is hard to come by and secrets can be murder...As the captain of Field County's ice rescue dive team, Callum Cook is driven to perfection. But when he meets new diver Louise ""Lou"" Sparks, all that hard-won order is obliterated in an instant. Lou is a hurricane. A walking disaster. And with her, he's never felt more alive...even if keeping her safe may just kill him.Lou's new to the Rockies, intent on escaping her controlling ex, and she's determined to make it on her own terms...no matter how tempting Callum may be. But when a routine training exercise unearths a body, Lou and Callum find themselves thrust into a deadly game of cat and mouse with a killer who will stop at nothing to silence Lou-and prove that not even her new Search and Rescue family can keep her safe forever. ...more",0b165bd4b9f42fd5,Books,28.82,28.82,0.00,14,0,https://books.toscrape.com/media/cache/3d/4d/3d4d8e92429144f6c807adc4b15b7f80.jpg
Dirty (Dive Bar #1),Romance,4,"The last thing Vaughan Hewson expects to find when he returns to his childhood home is a broken hearted bride in his shower, let alone the drama and chaos that comes with her.Lydia Green doesn't know whether to burn down the church or sit and cry in a corner. Discovering the love of your life is having an affair on your wedding day is bad enough. Finding out it's with his The last thing Vaughan Hewson expects to find when he returns to his childhood home is a broken hearted bride in his shower, let alone the drama and chaos that comes with her.Lydia Green doesn't know whether to burn down the church or sit and cry in a corner. Discovering the love of your life is having an affair on your wedding day is bad enough. Finding out it's with his best man is another thing all together. She narrowly escapes tying the knot and meets Vaughan only hours later.Vaughan is the exact opposite of the picture perfect, respected businessman she thought she'd marry. This former musician-turned-bartender is rough around the edges and unsettled. But she already tried Mr. Right and discovered he's all wrong-maybe it's time to give Mr. Right Now a chance.After all, what's wrong with getting dirty? ...more",df7e628bad5782b4,Books,40.83,40.83,0.00,12,0,https://books.toscrape.com/media/cache/77/54/77540d564fb77611a18b57f12a910b73.jpg
Take Me Home Tonight (Rock Star Romance #3),Romance,3,"A rocker gets a taste of unexpected passion in the latest red-hot Rock Star Romance from the award-winning author of I Want You to Want Me. Calix Bourbon might seem like a free spirit, but thatâs all a front. In reality heâs just trying to keep his fractured family together while working as a session musician. When Blue Fire hires him to replace their keyboardist, Calix i A rocker gets a taste of unexpected passion in the latest red-hot Rock Star Romance from the award-winning author of I Want You to Want Me. Â  Calix Bourbon might seem like a free spirit, but thatâs all a front. In reality heâs just trying to keep his fractured family together while working as a session musician. When Blue Fire hires him to replace their keyboardist, Calix is determined to make the most of the opportunityâbut he canât help being distracted by the bandâs sexy personal chef. Â  Mimiâs temporary gig is great, but she has her heart set on auditioning for a televised cooking show. Thereâs just one problem: she only has a week to acquire the skills necessary to survive the competition. Luckily, the bandâs new keyboard player can teach her exactly what she needs, in the kitchen and in the bedroom... ...more",cf62fa272b5f0fa3,Books,53.98,53.98,0.00,11,0,https://books.toscrape.com/media/cache/33/72/337240d247fdf020755566e4477e17ca.jpg
Off the Hook (Fishing for Trouble #1),Romance,3,"Welcome to The Buoys, a West Coast haven where love comes in with the tide. Perfect for readers of Jill Shalvis and Susan Mallery, the Fishing for Trouble series features three unforgettable brothersâeach of whom is a great catch.Major league pitcher Liam O'Donnell knows his best days are probably behind him, but that doesn't mean he's ready to retire and become a fishing Welcome to The Buoys, a West Coast haven where love comes in with the tide. Perfect for readers of Jill Shalvis and Susan Mallery, the Fishing for Trouble series features three unforgettable brothersâeach of whom is a great catch.Major league pitcher Liam O'Donnell knows his best days are probably behind him, but that doesn't mean he's ready to retire and become a fishing guide. Still, after all the time he's spent chasing his dreams, he owes it to his brothers to pull his weight around the lodge. The Buoys is their father's legacy, and they can't let some developer take it from them. The one snag Liam isn't counting on is a blast from the past: his ex-wife.The moment Kate Hadley steps out of the seaplane, she knows this assignment is going to be trickier than she thought. She has to persuade the owners to sellâand one of them is Liam O'Donnell. Ten years ago, she made the biggest mistake of her life when she married Liam during a fling in Vegas. Now he's her only lifeline in the middle of nowhere. Kate's trying to keep things cool, but Liam just reminds her of the scorching few nights they spent togetherâand tempts her to make new memories that are just as steamy as the old. ...more",b783ce08802cd1d1,Books,47.67,47.67,0.00,11,0,https://books.toscrape.com/media/cache/bc/21/bc214639946c501cd70ff6b752439c76.jpg
A Gentleman's Position (Society of Gentlemen #3),Romance,5,"Power, privilege, and the rigid rules of class leave two hearts yearning for connection in the sizzling new Society of Gentlemen novel from K. J. Charles. Among his eccentric though strictly principled group of friends, Lord Richard Vane is the confidant on whom everyone depends for advice, moral rectitude, and discreet assistance. Yet when Richard has a problem, he turns Power, privilege, and the rigid rules of class leave two hearts yearning for connection in the sizzling new Society of Gentlemen novel from K. J. Charles.Â  Among his eccentric though strictly principled group of friends, Lord Richard Vane is the confidant on whom everyone depends for advice, moral rectitude, and discreet assistance. Yet when Richard has a problem, he turns to his valet, a fixer of unparalleled geniusâand the object of Richardâs deepest desires. If there is one rule a gentleman must follow, it is never to dally with servants. But when David is close enough to touch, the rules of class collide with the basest sort of animal instinct: overpowering lust. Â  For David Cyprian, burglary and blackmail are as much in a dayâs work as bootblackingâanything for the man heâs devoted to. But the one thing he wants for himself is the one thing Richard refuses to give: his heart. With the tension between them growing to be unbearable, Davidâs seemingly incorruptible master has left him no choice. Putting his finely honed skills of seduction and manipulation to good use, he will convince Richard to forget all about his well-meaning objections and give in to sweet, sinful temptation. Â Includes a special message from the editor, as well as an excerpt from another Loveswept title. ...more",40c4bf520c17de54,Books,14.75,14.75,0.00,11,0,https://books.toscrape.com/media/cache/82/aa/82aa7770711dfc5edc1f5f69a731d08b.jpg
"Sit, Stay, Love",Romance,3,"Take one abrasive professional athlete, a quirky out-of-work schoolteacher, and an overweight geriatric dog, and you're ready for a lesson in love...Tippy style.Pro baseball pitcher Cal Crawford is not a dog guy. When he inherits his deceased mother's elderly dog, Tippy, he's quick to call on a pet-sitting service.Gina isn't thrilled to be a dog sitter when her aspirations Take one abrasive professional athlete, a quirky out-of-work schoolteacher, and an overweight geriatric dog, and you're ready for a lesson in love...Tippy style.Pro baseball pitcher Cal Crawford is not a dog guy. When he inherits his deceased mother's elderly dog, Tippy, he's quick to call on a pet-sitting service.Gina isn't thrilled to be a dog sitter when her aspirations lie in the classroom. Furthermore, she can't abide the unfriendly Cal, a man with all the charm of a wet towel. But with no other prospects and a deep love for all things canine, she takes the job caring for Tippy.As Gina travels through Cal's world with Tippy in tow, she begins to see Cal in a different light. Gina longs to show Cal the God-given blessings in his life that have nothing to do with baseball or fame. When her longing blooms into attraction, Gina does her best to suppress it. But Cal is falling in love with her too...Discover the charming story of Tippy, the dog who brought a family together. ...more",bd087cf6a846db75,Books,20.90,20.90,0.00,7,0,https://books.toscrape.com/media/cache/48/2c/482c14200688df579ab2ed0fcbddcb86.jpg
A Girl's Guide to Moving On (New Beginnings #2),Romance,1,"NEW YORK TIMES BESTSELLER â¢ In this powerful and uplifting novel, a mother and her daughter-in-law bravely leave their troubled marriages and face the challenge of starting over. Leaning on each other, Nichole and Leanne discover that their inner strength and capacity for love are greater than they ever imagined. When Nichole discovers that her husband, Jake, has been unfa NEW YORK TIMES BESTSELLER â¢ In this powerful and uplifting novel, a mother and her daughter-in-law bravely leave their troubled marriages and face the challenge of starting over. Leaning on each other, Nichole and Leanne discover that their inner strength and capacity for love are greater than they ever imagined. When Nichole discovers that her husband, Jake, has been unfaithful, the illusion of her perfect life is indelibly shattered. While juggling her young son, a new job, and volunteer work, Nichole meets Rocco, who is the opposite of Jake in nearly every way. Though blunt-spoken and rough around the edges, Rocco proves to be a dedicated father and thoughtful friend. But just as their relationship begins to blossom, Jake wagers everything on winning Nichole backâincluding their son Owenâs happiness. Somehow, Nichole must find the courage to defy her fears and follow her heart, with far-reaching consequences for them all. Leanne has quietly ignored her husbandâs cheating for decades, but is jolted into action by the echo of Nicholeâs all-too-familiar crisis. While volunteering as a teacher of English as a second language, Leanne meets Nikolai, a charming, talented baker from Ukraine. Resolved to avoid the heartache and complications of romantic entanglements, Leanne nonetheless finds it difficult to resist Nikolaiâs effusive overturesâuntil an unexpected tragedy tests the very fabric of her commitments. An inspiring novel of friendship, reinvention, and hope, A Girlâs Guide to Moving On affirms the ability of every woman to forge a new path, believe in love, and fearlessly find happiness.Praise for A Girlâs Guide to Moving On âDebbie Macomberâs finest novel. Betrayal and sorrow can happen in any stage of life and, in this wonderful story, her very nimble hands weave a spectacular kaleidoscope of courage, struggles, and finally joyous redemption and reinvention. Macomber totally understands the human heart. I absolutely loved it!ââDorothea Benton Frank, New York Times bestselling author of All the Single Ladies âWhispers a message of love, hope, and, yes, reinvention to every woman who has ever wondered âIs that all there is?â I predict every diehard Macomber fanâas well as legions of readers new to the Macomber magicâwill be cheering for Leanne and Nichole, and clamoring for more, more, more.ââMary Kay Andrews, New York Times bestselling author of Beach Town, Ladiesâ Night, and Summer Rental âMacomber is a master at pulling heartstrings, and readers will delight in this heartwarming story of friendship, love, and second chances. Leanne, Nichole, Rocco, and Nikolai will renew your faith in love and hope. The perfect read curled up in front of the fire or on a beach, itâs as satisfying as a slice of freshly baked breadâwholesome, pleasantly filling, and delicious.ââKaren White, New York Times bestselling author of Flight Patterns âBeloved author Debbie Macomber reaches new heights in this wise and beautiful novel. Itâs the kind of reading experience that comes along only rarely, bearing the hallmarks of a classic. The timeless wisdom in these pages will stay with you long after the book is closed.ââSusan Wiggs, #1 New York Times bestselling author of Starlight on Willow Lake âDebbie dazzles! A wonderful story of friendship, forgiveness and the power of love. I devoured every page!ââSusan Mallery, #1 New York Times bestselling author of The Friends We Keep ...more",cf3b86489890b9f2,Books,31.30,31.30,0.00,5,0,https://books.toscrape.com/media/cache/17/94/17940ad8d367ea5f28db57e7fc32dac9.jpg
The Perfect Play (Play by Play #1),Romance,3,"Football pro Mick Riley is an all-star, both on the field and in the bedroom. But a sexy, determinedly single mom just might be the one to throw him off his game...For years Mick has been taking full advantage of the life available to a pro athlete: fame, fortune, and a different girl in every city. But when he meets and beds confident, beautiful event planner Tara Lincoln Football pro Mick Riley is an all-star, both on the field and in the bedroom. But a sexy, determinedly single mom just might be the one to throw him off his game...For years Mick has been taking full advantage of the life available to a pro athlete: fame, fortune, and a different girl in every city. But when he meets and beds confident, beautiful event planner Tara Lincoln, he wants much more than the typical one-night stand. Too bad Tara's not interested in getting to know football's most notorious playboy any better.As the single mother of a teenage son, the last thing Tara needs is the jet-set lifestyle of Mick Riley; even though their steamy and passionate one-night stand was unforgettable. Tara's life is complicated enough without being thrust into the spotlight as Mick's latest girl du jour. Tara played the game of love once and lost big, and she doesn't intend to put herself out there again, especially with a heartbreaker like Mick.But when Mick sets his mind to win, nothing will stop him. And he has the perfect play in mind. ...more",9cc207168a03470d,Books,59.99,59.99,0.00,4,0,https://books.toscrape.com/media/cache/b0/be/b0be8b72b97ba3185f7d55235d0be76f.jpg
Dark Lover (Black Dagger Brotherhood #1),Romance,1,"Also see: Alternate Cover Editions for this ISBN [ACE] ACE #1 In the shadows of the night in Caldwell, New York, there's a deadly turf war going on between vampires and their slayers. There exists a secret band of brothers like no other-six vampire warriors, defenders of their race. Yet none of them relishes killing more than Wrath, the leader of The Black Dagger Brotherh Also see: Alternate Cover Editions for this ISBN [ACE] ACE #1 In the shadows of the night in Caldwell, New York, there's a deadly turf war going on between vampires and their slayers. There exists a secret band of brothers like no other-six vampire warriors, defenders of their race. Yet none of them relishes killing more than Wrath, the leader of The Black Dagger Brotherhood.The only purebred vampire left on earth, Wrath has a score to settle with the slayers who murdered his parents centuries ago. But, when one of his most trusted fighters is killed-leaving his half-breed daughter unaware of his existence or her fate-Wrath must usher her into the world of the undead-a world of sensuality beyond her wildest dreams.Also see: Alternate Cover Editions for this ISBN [ACE] ACE #1 ...more",2b69d289279aabfd,Books,12.87,12.87,0.00,4,0,https://books.toscrape.com/media/cache/d8/bd/d8bdea8d4e7db9af8e0cb1b36db448d2.jpg
Changing the Game (Play by Play #2),Romance,3,"Most people play by the rules. Gavin and Liz aren't most people....Win at any cost. That's always been the mantra of sports agent Liz Darnell. When she carries things too far and risks losing her number-one client, baseball pro Gavin Riley, Liz realizes that she'll have to work extra innings to win him back. It might not be too much of a stretch. She's had a thing for this Most people play by the rules. Gavin and Liz aren't most people....Win at any cost. That's always been the mantra of sports agent Liz Darnell. When she carries things too far and risks losing her number-one client, baseball pro Gavin Riley, Liz realizes that she'll have to work extra innings to win him back. It might not be too much of a stretch. She's had a thing for this player's moves since she first laid eyes on him, and by the looks of it, he wants her just as bad.Gavin's more than readyâespecially when Liz is offering herself as part of the bargain. And as much of her as Gavin wants. For added thrills, he decides to throw a little curve ball Liz's way to see just how far she's truly willing to go to keep him as a client. But when love unexpectedly enters the playing field, neither Liz nor Gavin are ready for the biggest game-changer of them all. ...more",aaebac5fda798b1b,Books,13.38,13.38,0.00,4,0,https://books.toscrape.com/media/cache/7a/6a/7a6a89af2f591d86df6f7c65649463db.jpg
A Walk to Remember,Romance,1,"Every April, when the wind blows from the sea and mingles with the scent of lilacs, Landon Carter remembers his last year at Beaufort High. It was 1958, and Landon had already dated a girl or two. He even swore that he had once been in love. Certainly the last person in town he thought he'd fall for was Jamie Sullivan, the daughter of the town's Baptist minister. A quiet g Every April, when the wind blows from the sea and mingles with the scent of lilacs, Landon Carter remembers his last year at Beaufort High. It was 1958, and Landon had already dated a girl or two. He even swore that he had once been in love. Certainly the last person in town he thought he'd fall for was Jamie Sullivan, the daughter of the town's Baptist minister. A quiet girl who always carried a Bible with her schoolbooks, Jamie seemed content living in a world apart from the other teens. She took care of her widowed father, rescued hurt animals, and helped out at the local orphanage. No boy had ever asked her out. Landon would never have dreamed of it. Then a twist of fate made Jamie his partner for the homecoming dance, and Landon Carter's life would never be the same. Being with Jamie would show him the depths of the human heart and lead him to a decision so stunning it would send him irrevocably on the road to manhood...Did You Know?-That Jamie was named after Nicholas's editor, Jamie Raab?That Landon is the name of his third son?That Nicholas Sparks recorded his own reading for the audio version of the novel? ...more",aead11697d14ea36,Books,56.43,56.43,0.00,4,0,https://books.toscrape.com/media/cache/fe/a9/fea9278c15f5ad41f5d478196cf4132d.jpg
The Purest Hook (Second Circle Tattoos #3),Romance,1,"Can a love built on secrets survive?Rugged, hot, and rock hard, Dred Zander is exactly the type of man that normally sends Pixie running. Not dreaming about running her hands down his washboard abs...and lower. The lead singer and guitarist for the band Preload embodies trouble behind his quick smile and guarded eyes, and Pixie left trouble behind her years ago along with Can a love built on secrets survive?Rugged, hot, and rock hard, Dred Zander is exactly the type of man that normally sends Pixie running. Not dreaming about running her hands down his washboard abs...and lower. The lead singer and guitarist for the band Preload embodies trouble behind his quick smile and guarded eyes, and Pixie left trouble behind her years ago along with the name Sarah Jane Travers and the pathetic trailer her mom called home. With her abusive past in her past, she has a new life, a new family at Second Circle, and a dream of opening her own business. She needs capital and time. What she doesn't need is a tempting long-haired rocker or the paparazzi that follow him around.But Dred has other ideas. Pixie's sweet hazel eyes, purple hair and kaleidoscopic tattoo of exotic flowers that swirl up her arm haunt his dreams, and he knows she wants him too. He just has to convince her. But as a juicy exposÃ© threatens to expose their pasts, and a blackmailer terrorizes their present, Pixie and Dred have to decide what really matters and fight like hell to keep it. ...more",969f6c7e86554814,Books,12.25,12.25,0.00,3,0,https://books.toscrape.com/media/cache/c2/9d/c29dbb9c163edb0e885f897063d619f3.jpg
The Obsession,Romance,1,"The riveting new novel from the #1 New York Times bestselling author of The Liar.Naomi Bowes lost her innocence the night she followed her father into the woods. In freeing the girl trapped in the root cellar, Naomi revealed the horrible extent of her fatherâs crimes and made him infamous.Now a successful photographer living under the name Naomi Carson, she has found a pla The riveting new novel from the #1 New York Times bestselling author of The Liar.Naomi Bowes lost her innocence the night she followed her father into the woods. In freeing the girl trapped in the root cellar, Naomi revealed the horrible extent of her fatherâs crimes and made him infamous.Now a successful photographer living under the name Naomi Carson, she has found a place that calls to her, thousands of miles away from everything sheâs ever known. Naomi wants to embrace the solitude, but the residents of Sunrise Cove keep forcing her to open upâespecially the determined Xander Keaton.Naomi can feel her defenses failing, and knows that the connection her new life offers is something sheâs always secretly craved. But as sheâs learned time and again, her past is never more than a nightmare away. ...more",ee441c8e027caa66,Books,45.43,45.43,0.00,3,0,https://books.toscrape.com/media/cache/a6/38/a63804d7adf6fb90b70b226702cb4f7b.jpg
Reservations for Two,Romance,3,"Widowers Maggie OâBrien and Carson Jennings are both on a journey to rediscover who they are. Maggie, an adventurous former pastorâs wife of thirty-nine years, hopes to find closure in the place she and her husband spent their honeymoon. Carson, a retired judge, is living his lifelong dream of traveling across the U.S. in his RV. When their paths cross in the tranquil sett Widowers Maggie OâBrien and Carson Jennings are both on a journey to rediscover who they are. Maggie, an adventurous former pastorâs wife of thirty-nine years, hopes to find closure in the place she and her husband spent their honeymoon. Carson, a retired judge, is living his lifelong dream of traveling across the U.S. in his RV. When their paths cross in the tranquil setting of Mason Springs, New Mexico, love is the last thing that either of them expects to find.When this mix matched pair comes together they find themselves in some hilarious and even precarious situations. As the romance begins to blossom they face many obstacles that threaten to tear them apart, and what Maggie discovers about herself in New Mexico will redefine her future and alienate one of her children. Will Carson and Maggieâs love for one another be strong enough to weather the storms or will their love for their children keep them apart? ...more",ecdf73ee66c33b17,Books,11.10,11.10,0.00,3,0,https://books.toscrape.com/media/cache/7a/13/7a13d10c37d4b975145bfa493f69fbf0.jpg
Best of My Love (Fool's Gold #20),Romance,2,"An irresistible new love story from the #1 New York Times bestselling author of the Fool's Gold series, set in a town Library Journal calls ""so appealing, readers will want to start scoping out real estate."" To overcome her painful past, baker Shelby Gilmore goes on the hunt for a friendâa male friendâto convince her stubborn psyche that men can be trusted. But where An irresistible new love story from the #1 New York Times bestselling author of the Fool's Gold series, set in a town Library Journal calls ""so appealing, readers will want to start scoping out real estate.""Â  To overcome her painful past, baker Shelby Gilmore goes on the hunt for a friendâa male friendâto convince her stubborn psyche that men can be trusted. But where in a town as small as Fool's Gold will the petite blonde find a guy willing to not date her?Â Dark, charming Aidan Mitchell puts the ""adventure"" in Mitchell Adventure Toursâ¦and into the beds of his many willing female tourists. Until he realizes he's inadvertently become that guyâthe one-night Casanovaâand worse, everyone in town knows it. Maybe Shelby's boy/girl experiment will help him see women as more than just conquests so he can change his ways and win back his self-respect.Â As Aidan and Shelby explore the secret lives of men and women, the heat between them fires up the Fool's Gold rumor mill. If no one will believe they're just friends, maybe they should give the gossips something to really talk about! ...more",67dea6c75d6a1075,Books,27.41,27.41,0.00,3,0,https://books.toscrape.com/media/cache/c1/0a/c10a83087db24c35f88555f2b8511e9e.jpg
Where Lightning Strikes (Bleeding Stars #3),Romance,3,"Do you know what it feels like right before lightning strikes? How you can feel the current running through your veins? The trembles of warning that ripple through the air? It was a thrill Tamar King chased all her life until it became the very thing she had to escape. For the last four years, Tamar King has hidden herself in an isolated world she created. She was safe. No Do you know what it feels like right before lightning strikes? How you can feel the current running through your veins? The trembles of warning that ripple through the air? It was a thrill Tamar King chased all her life until it became the very thing she had to escape. For the last four years, Tamar King has hidden herself in an isolated world she created. She was safe. No one could touch her. Until Lyrik West walked through her door. Heâs the lead guitarist for Sunder and everything she can never have. The dark and beautiful rock star becomes everything she craves. Lyrikâs life has been devoted to his band and that success has cost him. Bitter, hard, and filled with regret, he refuses to lose himself again, but from the moment he sees her, he wants one night with Tamar King. The gorgeous bartender is more than he bargained for. Their attraction is consuming. Their desire overpowering. With one touch, they ignite. But is it worth the cost of getting burned?Sheâs a gorgeous nightmare and heâs a wicked dreamâ¦WHERE LIGHTNING STRIKES, a Bleeding Stars Stand-Alone Novel ...more",def389ddfda6991b,Books,39.77,39.77,0.00,1,0,https://books.toscrape.com/media/cache/a3/50/a35037c93fbc48a1a62dc74c71f62779.jpg
This One Moment (Pushing Limits #1),Romance,1,"Fame, fortune, and stadiums full of screaming fans are right around the corner for the rock band at the heart of Stina Lindenblattâs steamy, intense Pushing Limits series. But itâs an epic love affair that steals the show in this opening act.When Nolan Kincaid skipped town to chase the music career of his dreams, he knew he wouldnât miss the reminders of his broken familyâ Fame, fortune, and stadiums full of screaming fans are right around the corner for the rock band at the heart of Stina Lindenblattâs steamy, intense Pushing Limits series. But itâs an epic love affair that steals the show in this opening act.When Nolan Kincaid skipped town to chase the music career of his dreams, he knew he wouldnât miss the reminders of his broken familyâhe wasnât so sure he could forget the girl he left behind. Now his band is touring nonstop, the recording sessions go all night, and the groupies are crazed. But when he hears that Hailey Wilkins is in trouble, he drops everything.Hailey thought sheâd missed her chance with Nolan. Five years ago, the moment she realized she loved him was the moment he decided to leave. Now, when a brutal assault lands her in the ICU, Nolan flies straight to her bedside, acting like nothingâs changed. Whatâs a rock star like him doing, canceling shows and risking his record deal, just to nurse an old friend back to health? And why should Hailey believe heâll stay this time?With her attacker still at large, Nolanâs ready to rise to the occasion. He knows he let Hailey down once before, but heâs ready to give her everything, heart and soulâand heâll fight for the chance to prove it. ...more",d6d98d3508c30f57,Books,48.71,48.71,0.00,1,0,https://books.toscrape.com/media/cache/bb/8b/bb8b7e644c005aba53d55240b54952ae.jpg
"Rhythm, Chord & Malykhin",Romance,2,"Twenty-six-year-old Gaby Barreto might be a lot of things (loyal, sarcastic, one of the guys and a pain in the butt depending on which family member you ask), but dumb isnât one of them. When her twin brother invites her to go on tour as his bandâs merch girl, she isnât exactly screaming at the top of her lungs with joy. With no job opportunities pounding on her door, an e Twenty-six-year-old Gaby Barreto might be a lot of things (loyal, sarcastic, one of the guys and a pain in the butt depending on which family member you ask), but dumb isnât one of them. When her twin brother invites her to go on tour as his bandâs merch girl, she isnât exactly screaming at the top of her lungs with joy. With no job opportunities pounding on her door, an ex-boyfriend she would still like to castrate, and no end in sight to moving out of her parentsâ house in Dallasâ¦ it would be dumb to say no to the chance of a lifetime. Two bands, three continents, one tour. Spending the next ninety-plus days with three beloved idiots and eight complete strangers shouldnât be a big deal, right? If only the singer of the headlining band didnât have tattoos... a great personalityâ¦ a fantastic bodyâ¦ and if he wasnât so funnyâ¦. Letâs be real: Gaby never had a chance against Sacha Malykhin. ...more",9efb397067eb7e8a,Books,28.34,28.34,0.00,1,0,https://books.toscrape.com/media/cache/1e/c9/1ec952e4d14d37dc7b6d74fa07f1ea37.jpg
My Perfect Mistake (Over the Top #1),Romance,2,"What happens in Aspenis definitely not staying in Aspen. . .A girlsâ trip to Aspen was exactly what Shay needed to forget about her toxic ex-boyfriend. Sheâs got her girls, pristine slopes for skiing, and hot guys everywhere. Of course, her epic self-rediscovery goes completely to hell when a wild (and deliciously hot) skier knocks Shay on her ass . . . and war is declared What happens in Aspenis definitely not staying in Aspen. . .A girlsâ trip to Aspen was exactly what Shay needed to forget about her toxic ex-boyfriend. Sheâs got her girls, pristine slopes for skiing, and hot guys everywhere. Of course, her epic self-rediscovery goes completely to hell when a wild (and deliciously hot) skier knocks Shay on her ass . . . and war is declared. Kolton doesnât know what it is about Shay that makes him lose it. Not just his coolâalthough she does have an unholy gift for thatâbut his restraint. When anger gives way to explosive chemistry, theyâre both shaken with the intensity of it. But somewhere between lust and hate, Kolton and Shay realize they could have something real . . . if they donât kill each other first. ...more",fd78f89878479f56,Books,38.92,38.92,0.00,1,0,https://books.toscrape.com/media/cache/2e/fa/2efa13faabc899f61c2a181ab0de7ef8.jpg
Listen to Me (Fusion #1),Romance,3,"In New York Times and USA Today bestselling author Kristen Probyâs brand new series, five best friends open a hot new restaurant, but one of them gets much more than she bargained for when a sexy former rock star walks through the doorsâand into her heart.Seduction is quickly becoming the hottest new restaurant in Portland, and Addison Wade is proud to claim 1/5 of the cre In New York Times and USA Today bestselling author Kristen Probyâs brand new series, five best friends open a hot new restaurant, but one of them gets much more than she bargained for when a sexy former rock star walks through the doorsâand into her heart.Seduction is quickly becoming the hottest new restaurant in Portland, and Addison Wade is proud to claim 1/5 of the credit. Sheâs determined to make it a success and canât think of a better way to bring in new customers than live music. But when former rock star Jake Keller swaggers through the doors to apply for the weekend gig, she knows sheâs in trouble. Addie instantly recognizes himâhis posters were plastered all over her bedroom walls in high schoolâheâs all bad boy...exactly her type and exactly what she doesnât need.Jake Keller walked away from the limelight five years ago and yearns to return to whatâs always driven him: the music. If he gets to work for a smart-mouthed, funny-as-hell bombshell, all the better. But talking Addie into giving him the job is far easier than persuading her that he wants more than a romp in her bed. Just when she begins to drop her walls, Jakeâs past finally catches up with him.Will Addie be torn apart once again or will Jake be able to convince her to drown out her doubts and listen to her heart? ...more",6e712ea24e77bd96,Books,58.99,58.99,0.00,1,0,https://books.toscrape.com/media/cache/98/85/9885b87053dcd05803ef58e9817e935a.jpg
Imperfect Harmony,Romance,4,"Imperfect harmony can still be beautifulâ¦John Fletcher, a former musician, is stuck in limbo after losing his long-term partner two years ago. Heâs shut himself off from everything that reminds him of what heâs lost. When his neighbour persuades him to join the local community choir, John rediscovers his love of music and finds a reason to start living again.Rhys Callingto Imperfect harmony can still be beautifulâ¦John Fletcher, a former musician, is stuck in limbo after losing his long-term partner two years ago. Heâs shut himself off from everything that reminds him of what heâs lost. When his neighbour persuades him to join the local community choir, John rediscovers his love of music and finds a reason to start living again.Rhys Callington, the talented and charismatic choir leader, captures Johnâs attention from the first moment they meet. He appears to be the polar opposite of John: young, vibrant, and full of life. But Rhys has darkness in his own past that is holding him back from following his dreams.Despite the nineteen-year age gap, the two men grow close and a fragile relationship blossoms. Ghosts of the past and insecurities about the future threaten their newfound happiness. If theyâre going to harmonise in life and love as they do in their music, theyâll need to start following the same score. ...more",f28f7299d38c0932,Books,34.74,34.74,0.00,1,0,https://books.toscrape.com/media/cache/f1/49/f1498baf6cb055e0a9188d5e57c5f686.jpg
Fighting Fate (Fighting #6),Romance,3,"***BONUS CONTENT: The first two chapters of JB Salsbury's stand alone novel SPLIT included!Axelleâs broken.I live to hold her together.Killian McCreery only has two dreams . . .Fight for the UFL.And Axelle.Heâs watched her give her time and her body to men who donât deserve to breathe her air. Heâs waited, worked hard to become the kind of man she deserves, hoping one day, ***BONUS CONTENT: The first two chapters of JB Salsbury's stand alone novel SPLIT included!Axelleâs broken.I live to hold her together.Killian McCreery only has two dreams . . .Fight for the UFL.And Axelle.Heâs watched her give her time and her body to men who donât deserve to breathe her air. Heâs waited, worked hard to become the kind of man she deserves, hoping one day, when the time is right, heâd get the opportunity to make her happy. After a painful anniversary, he finally gets his chance.But life has a way of sucker-punching its victimsâstriking when they least expect it in the most devastating ways.Killian loves me.But I screwed up. Big time.Axelle Daniels appears to be the typical college studentâparties, hangovers, and men. No one knows that inside sheâs a mess, and no amount of booze or meaningless relationships have managed to fill the cracks in her heart. But Killian knows. Heâs been there since the night it all began and has never left her side.When she wakes up one morning to find the consequences of her actions have caught up to her, even Killianâs white-knighthood canât save her now.Fate is put to the test when, for the first time in their five-year friendship, they no longer have each other to lean on. When he becomes a UFL superstar, she hardly recognizes the man he used to be. And she no longer needs him to hold her together.With the foundation of their friendship gone, theyâll discover that even a love that is meant to be needs to be fought for and destiny is a choice. ...more",6390772a3094939d,Books,39.24,39.24,0.00,1,0,https://books.toscrape.com/media/cache/ba/a6/baa64eeda5e10952da4610f8efc1be76.jpg
Deep Under (Walker Security #1),Romance,5,"Alternate cover edition for 9781682302262Myla is beautiful, a dove with clipped wings, captive by the wolf, a vicious drug lord. One look into her eyes and Kyle could see the pain, the fearâ¦the desperation. Or so it seems. Heâs been fooled before by a woman and it cost him everything and everyone he loved. He wonât be fooled again.Tall, dark, and deadly, these are the stor Alternate cover edition for 9781682302262Myla is beautiful, a dove with clipped wings, captive by the wolf, a vicious drug lord. One look into her eyes and Kyle could see the pain, the fearâ¦the desperation. Or so it seems. Heâs been fooled before by a woman and it cost him everything and everyone he loved. He wonât be fooled again.Tall, dark, and deadly, these are the stories of the men who run Walker security. Each man is unique in his methods and skills, but all share key similarities. They are passionate about those they love, relentless when fighting for a cause they believe in, and all believe that no case is too hard, no danger too dark. Dedication is what they deliver, results are their reward. ...more",0072b94dfa30608e,Books,47.09,47.09,0.00,1,0,https://books.toscrape.com/media/cache/b6/bd/b6bd7cd6500f96e717c147deb8d89af2.jpg
Charity's Cross (Charles Towne Belles #4),Romance,1,"From the Winner of 2015's Inspirational Readers Choice Award for The Ransom comes a new romantic adventure ! Suspected of killing her husband, Charity Westcott flees on the first ship out of Portsmouth, England heading for the colonies. Loathing all men after her abusive marriage, she hopes to reunite with her family in Charles Towne, but the shipâs destination is Nassau. From the Winner of 2015's Inspirational Readers Choice Award for The Ransom comes a new romantic adventure ! Suspected of killing her husband, Charity Westcott flees on the first ship out of Portsmouth, England heading for the colonies. Loathing all men after her abusive marriage, she hopes to reunite with her family in Charles Towne, but the shipâs destination is Nassau. When she spots her husbandâs brother, who is intent on seeing her hang, boarding her ship, she jumps overboard. Elias Dutton, missionary and son of the famous pirate, Rowan Dutton, must get to Barbados as soon as possible. His sister is in danger, and his parents have charged him with her safety. He cannot let them downâagain. But after rescuing a madcap woman from the bay, he now finds himself tricked into masquerading as her husband so they both can procure passage to Barbados. Pirates, storms, shipwreck and betrayal threaten to delay the couple in their journey even as sparks fly between them. With her brother-in-law in fast pursuit, the last thing Charity wants is help from a man, especially a religious one, but she has no choice. After Eliasâ heart was broken by a sordid woman who nearly ruined his life, he seeks a godly woman pure as the virgin sands of the Caribbean. He believes he has found such a woman in Charity. Until he discovers she is a murderer and is now faced with two choices: letting her go or turning her in to the authorities. Amazon Categories >Pirate Romance >Inspirational Romance >Time Travel Romance >Historical Romance >Romantic Suspense >Christian Romance >Clean Pirate Romance ...more",a96404cb928895f3,Books,41.24,41.24,0.00,1,0,https://books.toscrape.com/media/cache/b6/42/b642b7415804929612c29d87656edea1.jpg
Bounty (Colorado Mountain #7),Romance,4,"Justice Lonesome has enjoyed a life of bounty. Even so, sheâs inherited the curse of the Lonesome. A poetâs soul. Which means sheâs still searching for something. Searching for peace. Searching for the lessâ¦thatâs more. And when the foundation of her life is pulled out from under her, grieving, she goes to the mountains to find her oasis. She hits Carnal, Colorado and deci Justice Lonesome has enjoyed a life of bounty. Even so, sheâs inherited the curse of the Lonesome. A poetâs soul. Which means sheâs still searching for something. Searching for peace. Searching for the lessâ¦thatâs more. And when the foundation of her life is pulled out from under her, grieving, she goes to the mountains to find her oasis. She hits Carnal, Colorado and decides to stay. Deke Hightower lost everything at the age of two. He lost it again at fifteen. His life has not been about bounty. Itâs been about learning to live with less, because thereâs no way to get more. Dekeâs also watched all his friends go down to the women who gave them what they needed. He wants that for himself. But he knows that search isnât going to be easy because heâs a rider. His home is the road. Thatâs the only place he can breathe. And the woman who takes her place at his side has to do it sitting on the back of his bike. When Deke meets Justice, he knows sheâs not that woman. Sheâs cute. Sheâs sweet. And sheâs into him, but sheâs got it all and Deke knows he wonât fit into that. So he holds her at armâs length. Establishes boundaries. And Justice will take it because she wants Deke any way heâll let her have him.But when Justice finds herself a pawn in a dangerous game, Deke makes a decision. When he does, he has no idea heâs just opened himself up to bounty. ...more",abc0b15f2c907ff0,Books,37.26,37.26,0.00,1,0,https://books.toscrape.com/media/cache/7d/18/7d18f04705f25aa7659b2aa6153c1a4f.jpg
